insert into course(id, name, description, instructor_Name, credits, fee, created_date_time, last_updated_date_time)
VALUES
    (1001L,'Spring Framework','Learn Spring Framework 6','Vijay',1,800,now(),now()),
    (1002L,'Spring Jpa','Learn Spring JPA','Vijay',5,100,now(),now()),
    (1003L,'Spring Boot Starter','Learn Spring Boot Starter','Tony',5,100,now(),now()),
    (1004L,'Spring Auto-Configuration','Learn Spring Auto-Configuration','Alex',5,300,now(),now()),
    (1005L,'Spring Boot Actuator','Learn Spring boot Actuator','Satish',5,100,now(),now()),
    (1006L,'Spring Boot Data JPA','Learn Spring boot Data JPA','Prakash',3,100,now(),now()),
    (1007L,'Spring Boot Data JDBC','Learn Spring boot Data JDBC','Alex',5,100,now(),now()),
    (1008L,'Spring Boot Data REST','Learn Spring boot Data REST','Vijay',5,400,now(),now()),
    (1009L,'Spring Boot Web','Learn Spring boot Web','Sam',5,400,now(),now()),
    (1010L,'Spring Boot Security','Learn Spring ','Vijay',5,100,now(),now()),
    (1011L,'Spring Boot Test','Learn Spring ','Vijay',2,100,now(),now()),
    (1012L,'Spring Boot Thymeleaf','Learn Spring ','Alex',5,900,now(),now()),
    (1013L,'Spring Boot CLI','Learn Spring ','Pradeep',1,100,now(),now()),
    (1014L,'Spring Boot Logging','Learn Spring ','Vijay',5,500,now(),now()),
    (1015L,'Spring Core','Learn Spring ','Alex',5,500,now(),now()),
    (1016L,'Java Basics','Learn Java','Sophia',3,300,now(),now()),
    (1017L,'Java Collections','Learn Java','Ethan',4,400,now(),now()),
    (1018L,'Java Multithreading','Learn Java','Olivia',3,300,now(),now()),
    (1019L,'Python Fundamentals','Learn Python','Aiden',4,400,now(),now()),
    (1020L,'Python Web Development','Learn Python','Mia',5,600,now(),now()),
    (1021L,'JavaScript Basics','Learn JavaScript','Lucas',2,200,now(),now()),
    (1022L,'JavaScript DOM Manipulation','Learn JavaScript','Ava',4,400,now(),now()),
    (1023L,'React.js Essentials','Learn React','Liam',5,600,now(),now()),
    (1024L,'Node.js Fundamentals','Learn Node.js','Emma',3,300,now(),now()),
    (1025L,'Databases and SQL','Database Fundamentals','Jackson',4,400,now(),now()),
    (1026L,'SQL Advanced Queries','Database Fundamentals','Avery',5,500,now(),now()),
    (1027L,'HTML5 and CSS3','Web Development Basics','Jack',2,200,now(),now()),
    (1028L,'Responsive Web Design','Web Development Basics','Sophie',4,400,now(),now()),
    (1029L,'Git Version Control','Version Control','Benjamin',3,300,now(),now()),
    (1030L,'Linux Command Line','Operating Systems','Amelia',4,400,now(),now()),
    (1031L,'C# Programming','Learn C#','Logan',5,500,now(),now()),
    (1032L,'ASP.NET Core','Learn ASP.NET','Lily',2,200,now(),now()),
    (1033L,'C++ Basics','Learn C++','Oliver',4,400,now(),now()),
    (1034L,'Data Structures in Python','Python Data Structures','Emily',5,600,now(),now()),
    (1035L,'Machine Learning Fundamentals','Machine Learning','Ava',3,300,now(),now()),
    (1036L,'Deep Learning with TensorFlow','Deep Learning','Lucas',4,400,now(),now()),
    (1037L,'Data Visualization with Matplotlib','Python Data Visualization','Ella',5,500,now(),now()),
    (1038L,'Cybersecurity Basics','Cybersecurity Fundamentals','Aiden',2,200,now(),now()),
    (1039L,'Network Security','Cybersecurity Fundamentals','Olivia',4,400,now(),now()),
    (1040L,'AWS Cloud Essentials','Cloud Computing','Liam',3,300,now(),now()),
    (1041L,'Docker Containerization','Containerization','Mia',5,500,now(),now()),
    (1042L,'Flutter Mobile Development','Mobile App Development','Ethan',2,200,now(),now()),
    (1043L,'Swift Programming','Learn Swift','Ava',4,400,now(),now()),
    (1044L,'Kotlin Fundamentals','Learn Kotlin','Noah',3,300,now(),now()),
    (1045L,'Android App Development','Mobile App Development','Sophie',5,500,now(),now()),
    (1046L,'Game Development with Unity','Game Development','Jackson',2,200,now(),now()),
    (1047L,'Unity 3D Essentials','Game Development','Avery',4,400,now(),now()),
    (1048L,'Virtual Reality (VR) Basics','Virtual Reality','Elijah',3,300,now(),now()),
    (1049L,'Augmented Reality (AR) Fundamentals','Augmented Reality','Scarlett',5,500,now(),now()),
    (1050L,'IoT Programming','Internet of Things (IoT)','Mason',2,200,now(),now()),
    (1051L,'Blockchain Basics','Blockchain Technology','Sophia',3,300,now(),now()),
    (1052L,'Quantum Computing','Quantum Computing','Ethan',4,400,now(),now()),
    (1053L,'Artificial Intelligence','AI and Machine Learning','Olivia',5,500,now(),now()),
    (1054L,'Big Data Analytics','Data Science','Aiden',4,400,now(),now()),
    (1055L,'DevOps Essentials','DevOps Practices','Mia',3,300,now(),now()),
    (1056L,'Cloud Native Development','Cloud Computing','Liam',5,500,now(),now()),
    (1057L,'Microservices Architecture','Software Architecture','Emma',4,400,now(),now()),
    (1058L,'Kubernetes Orchestration','Container Orchestration','Noah',3,300,now(),now()),
    (1059L,'Serverless Computing','Cloud Computing','Olivia',5,500,now(),now()),
    (1060L,'Edge Computing','Distributed Computing','Sophia',4,400,now(),now()),
    (1061L,'5G Networks','Telecommunications','Mason',3,300,now(),now()),
    (1062L,'Robotic Process Automation','Automation','Ava',5,500,now(),now()),
    (1063L,'Natural Language Processing','AI and Machine Learning','Ethan',4,400,now(),now()),
    (1064L,'Computer Vision','AI and Machine Learning','Mia',3,300,now(),now()),
    (1065L,'Augmented Reality Development','AR Development','Lucas',5,500,now(),now()),
    (1066L,'Virtual Reality Development','VR Development','Liam',4,400,now(),now()),
    (1067L,'Mixed Reality Development','MR Development','Emma',3,300,now(),now()),
    (1068L,'Digital Twins','Digital Twin Technology','Noah',5,500,now(),now()),
    (1069L,'Smart Cities','Urban Technology','Olivia',4,400,now(),now()),
    (1070L,'Autonomous Vehicles','Automotive Technology','Sophia',3,300,now(),now()),
    (1071L,'Drone Technology','Aerial Robotics','Mason',5,500,now(),now()),
    (1072L,'Wearable Technology','Consumer Electronics','Ava',4,400,now(),now()),
    (1073L,'3D Printing','Additive Manufacturing','Ethan',3,300,now(),now()),
    (1074L,'Nanotechnology','Nanoscience','Mia',5,500,now(),now()),
    (1075L,'Biotechnology','Life Sciences','Lucas',4,400,now(),now()),
    (1076L,'Genomics','Genetic Research','Liam',3,300,now(),now()),
    (1077L,'CRISPR Technology','Genetic Engineering','Emma',5,500,now(),now()),
    (1078L,'Synthetic Biology','Biological Engineering','Noah',4,400,now(),now()),
    (1079L,'Quantum Cryptography','Quantum Security','Olivia',3,300,now(),now()),
    (1080L,'Quantum Networking','Quantum Communication','Sophia',5,500,now(),now()),
    (1081L,'Quantum Machine Learning','Quantum AI','Mason',4,400,now(),now()),
    (1082L,'Quantum Algorithms','Quantum Computing','Ava',3,300,now(),now()),
    (1083L,'Quantum Information Theory','Quantum Computing','Ethan',5,500,now(),now()),
    (1084L,'Quantum Error Correction','Quantum Computing','Mia',4,400,now(),now()),
    (1085L,'Quantum Simulation','Quantum Computing','Lucas',3,300,now(),now()),
    (1086L,'Quantum Annealing','Quantum Computing','Liam',5,500,now(),now()),
    (1087L,'Quantum Supremacy','Quantum Computing','Emma',4,400,now(),now()),
    (1088L,'Quantum Teleportation','Quantum Communication','Noah',3,300,now(),now()),
    (1089L,'Quantum Entanglement','Quantum Physics','Olivia',5,500,now(),now()),
    (1090L,'Quantum Optics','Quantum Physics','Sophia',4,400,now(),now()),
    (1091L,'Quantum Field Theory','Quantum Physics','Mason',3,300,now(),now()),
    (1092L,'Quantum Gravity','Quantum Physics','Ava',5,500,now(),now()),
    (1093L,'Quantum Cosmology','Quantum Physics','Ethan',4,400,now(),now()),
    (1094L,'Quantum Thermodynamics','Quantum Physics','Mia',3,300,now(),now()),
    (1095L,'Quantum Chemistry','Quantum Science','Lucas',5,500,now(),now()),
    (1096L,'Quantum Biology','Quantum Science','Liam',4,400,now(),now()),
    (1097L,'Quantum Materials','Quantum Science','Emma',3,300,now(),now()),
    (1098L,'Quantum Sensors','Quantum Technology','Noah',5,500,now(),now()),
    (1099L,'Quantum Metrology','Quantum Technology','Olivia',4,400,now(),now()),
    (1100L,'Quantum Imaging','Quantum Technology','Sophia',3,300,now(),now()),
    (1101L,'Quantum Computing Hardware','Quantum Technology','Mason',5,500,now(),now()),
    (1102L,'Quantum Computing Software','Quantum Technology','Ava',4,400,now(),now()),
    (1103L,'Quantum Computing Applications','Quantum Technology','Ethan',3,300,now(),now()),
    (1104L,'Quantum Computing Platforms','Quantum Technology','Mia',5,500,now(),now()),
    (1105L,'Quantum Computing Frameworks','Quantum Technology','Lucas',4,400,now(),now()),
    (1106L,'Quantum Computing Libraries','Quantum Technology','Liam',3,300,now(),now()),
    (1107L,'Quantum Computing Tools','Quantum Technology','Emma',5,500,now(),now()),
    (1108L,'Quantum Computing Techniques','Quantum Technology','Noah',4,400,now(),now()),
    (1109L,'Quantum Computing Methods','Quantum Technology','Olivia',3,300,now(),now()),
    (1110L,'Quantum Computing Strategies','Quantum Technology','Sophia',5,500,now(),now()),
    (1111L,'Quantum Computing Solutions','Quantum Technology','Mason',4,400,now(),now()),
    (1112L,'Quantum Computing Innovations','Quantum Technology','Ava',3,300,now(),now()),
    (1113L,'Quantum Computing Trends','Quantum Technology','Ethan',5,500,now(),now()),
    (1114L,'Quantum Computing Challenges','Quantum Technology','Mia',4,400,now(),now()),
    (1115L,'Quantum Computing Opportunities','Quantum Technology','Lucas',3,300,now(),now()),
    (1116L,'Quantum Computing Future','Quantum Technology','Liam',5,500,now(),now()),
    (1117L,'Quantum Computing Research','Quantum Technology','Emma',4,400,now(),now()),
    (1118L,'Quantum Computing Development','Quantum Technology','Noah',3,300,now(),now()),
    (1119L,'Quantum Computing Projects','Quantum Technology','Olivia',5,500,now(),now()),
    (1120L,'Quantum Computing Case Studies','Quantum Technology','Sophia',4,400,now(),now()),
    (1121L,'Quantum Computing Best Practices','Quantum Technology','Mason',3,300,now(),now()),
    (1122L,'Quantum Computing Standards','Quantum Technology','Ava',5,500,now(),now()),
    (1123L,'Quantum Computing Protocols','Quantum Technology','Ethan',4,400,now(),now()),
    (1124L,'Quantum Computing Guidelines','Quantum Technology','Mia',3,300,now(),now()),
    (1125L,'Quantum Computing Policies','Quantum Technology','Lucas',5,500,now(),now()),
    (1126L,'Quantum Computing Regulations','Quantum Technology','Liam',4,400,now(),now()),
    (1127L,'Quantum Computing Compliance','Quantum Technology','Emma',3,300,now(),now()),
    (1128L,'Quantum Computing Security','Quantum Technology','Noah',5,500,now(),now()),
    (1129L,'Quantum Computing Privacy','Quantum Technology','Olivia',4,400,now(),now()),
    (1130L,'Quantum Computing Ethics','Quantum Technology','Sophia',3,300,now(),now()),
    (1131L,'Quantum Computing Governance','Quantum Technology','Mason',5,500,now(),now()),
    (1132L,'Quantum Computing Management','Quantum Technology','Ava',4,400,now(),now()),
    (1133L,'Quantum Computing Operations','Quantum Technology','Ethan',3,300,now(),now()),
    (1134L,'Quantum Computing Maintenance','Quantum Technology','Mia',5,500,now(),now()),
    (1135L,'Quantum Computing Support','Quantum Technology','Lucas',4,400,now(),now()),
    (1136L,'Quantum Computing Services','Quantum Technology','Liam',3,300,now(),now()),
    (1137L,'Quantum Computing Solutions','Quantum Technology','Emma',5,500,now(),now()),
    (1138L,'Quantum Computing Products','Quantum Technology','Noah',4,400,now(),now()),
    (1139L,'Quantum Computing Systems','Quantum Technology','Olivia',3,300,now(),now()),
    (1140L,'Quantum Computing Networks','Quantum Technology','Sophia',5,500,now(),now()),
    (1141L,'Quantum Computing Infrastructure','Quantum Technology','Mason',4,400,now(),now()),
    (1142L,'Quantum Computing Platforms','Quantum Technology','Ava',3,300,now(),now()),
    (1143L,'Quantum Computing Frameworks','Quantum Technology','Ethan',5,500,now(),now()),
    (1144L,'Quantum Computing Libraries','Quantum Technology','Mia',4,400,now(),now()),
    (1145L,'Quantum Computing Tools','Quantum Technology','Lucas',3,300,now(),now()),
    (1146L,'Quantum Computing Techniques','Quantum Technology','Liam',5,500,now(),now()),
    (1147L,'Quantum Computing Methods','Quantum Technology','Emma',4,400,now(),now()),
    (1148L,'Quantum Computing Strategies','Quantum Technology','Noah',3,300,now(),now()),
    (1149L,'Quantum Computing Solutions','Quantum Technology','Olivia',5,500,now(),now()),
    (1150L,'Quantum Computing Innovations','Quantum Technology','Sophia',4,400,now(),now()),
    (1151L,'Quantum Computing Trends','Quantum Technology','Mason',3,300,now(),now()),
    (1152L,'Quantum Computing Challenges','Quantum Technology','Ava',5,500,now(),now()),
    (1153L,'Quantum Computing Opportunities','Quantum Technology','Ethan',4,400,now(),now()),
    (1154L,'Quantum Computing Future','Quantum Technology','Mia',3,300,now(),now()),
    (1155L,'Quantum Computing Research','Quantum Technology','Lucas',5,500,now(),now()),
    (1156L,'Quantum Computing Development','Quantum Technology','Liam',4,400,now(),now()),
    (1157L,'Quantum Computing Projects','Quantum Technology','Emma',3,300,now(),now()),
    (1158L,'Quantum Computing Case Studies','Quantum Technology','Noah',5,500,now(),now()),
    (1159L,'Quantum Computing Best Practices','Quantum Technology','Olivia',4,400,now(),now()),
    (1160L,'Quantum Computing Standards','Quantum Technology','Sophia',3,300,now(),now()),
    (1161L,'Quantum Computing Protocols','Quantum Technology','Mason',5,500,now(),now()),
    (1162L,'Quantum Computing Guidelines','Quantum Technology','Ava',4,400,now(),now()),
    (1163L,'Quantum Computing Policies','Quantum Technology','Ethan',3,300,now(),now()),
    (1164L,'Quantum Computing Regulations','Quantum Technology','Mia',5,500,now(),now()),
    (1165L,'Quantum Computing Compliance','Quantum Technology','Lucas',4,400,now(),now()),
    (1166L,'Quantum Computing Security','Quantum Technology','Liam',3,300,now(),now()),
    (1167L,'Quantum Computing Privacy','Quantum Technology','Emma',5,500,now(),now()),
    (1168L,'Quantum Computing Ethics','Quantum Technology','Noah',4,400,now(),now()),
    (1169L,'Quantum Computing Governance','Quantum Technology','Olivia',3,300,now(),now()),
    (1170L,'Quantum Computing Management','Quantum Technology','Sophia',5,500,now(),now()),
    (1171L,'Quantum Computing Operations','Quantum Technology','Mason',4,400,now(),now()),
    (1172L,'Quantum Computing Maintenance','Quantum Technology','Ava',3,300,now(),now()),
    (1173L,'Quantum Computing Support','Quantum Technology','Ethan',5,500,now(),now()),
    (1174L,'Quantum Computing Services','Quantum Technology','Mia',4,400,now(),now()),
    (1175L,'Quantum Computing Solutions','Quantum Technology','Lucas',3,300,now(),now()),
    (1176L,'Quantum Computing Products','Quantum Technology','Liam',5,500,now(),now()),
    (1177L,'Quantum Computing Systems','Quantum Technology','Emma',4,400,now(),now()),
    (1178L,'Quantum Computing Networks','Quantum Technology','Noah',3,300,now(),now()),
    (1179L,'Quantum Computing Infrastructure','Quantum Technology','Olivia',5,500,now(),now()),
    (1180L,'Quantum Computing Platforms','Quantum Technology','Sophia',4,400,now(),now()),
    (1181L,'Quantum Computing Frameworks','Quantum Technology','Mason',3,300,now(),now()),
    (1182L,'Quantum Computing Libraries','Quantum Technology','Ava',5,500,now(),now()),
    (1183L,'Quantum Computing Tools','Quantum Technology','Ethan',4,400,now(),now()),
    (1184L,'Quantum Computing Techniques','Quantum Technology','Mia',3,300,now(),now()),
    (1185L,'Quantum Computing Methods','Quantum Technology','Lucas',5,500,now(),now()),
    (1186L,'Quantum Computing Strategies','Quantum Technology','Liam',4,400,now(),now()),
    (1187L,'Quantum Computing Solutions','Quantum Technology','Emma',3,300,now(),now()),
    (1188L,'Quantum Computing Innovations','Quantum Technology','Noah',5,500,now(),now()),
    (1189L,'Quantum Computing Trends','Quantum Technology','Olivia',4,400,now(),now()),
    (1190L,'Quantum Computing Challenges','Quantum Technology','Sophia',3,300,now(),now()),
    (1191L,'Quantum Computing Opportunities','Quantum Technology','Mason',5,500,now(),now()),
    (1192L,'Quantum Computing Future','Quantum Technology','Ava',4,400,now(),now()),
    (1193L,'Quantum Computing Research','Quantum Technology','Ethan',3,300,now(),now()),
    (1194L,'Quantum Computing Development','Quantum Technology','Mia',5,500,now(),now()),
    (1195L,'Quantum Computing Projects','Quantum Technology','Lucas',4,400,now(),now()),
    (1196L,'Quantum Computing Case Studies','Quantum Technology','Liam',3,300,now(),now()),
    (1197L,'Quantum Computing Best Practices','Quantum Technology','Emma',5,500,now(),now()),
    (1198L,'Quantum Computing Standards','Quantum Technology','Noah',4,400,now(),now()),
    (1199L,'Quantum Computing Protocols','Quantum Technology','Olivia',3,300,now(),now()),
    (1200L,'Quantum Computing Guidelines','Quantum Technology','Sophia',5,500,now(),now()),
    (1201L,'Quantum Computing Policies','Quantum Technology','Mason',4,400,now(),now()),
    (1202L,'Quantum Computing Regulations','Quantum Technology','Ava',3,300,now(),now()),
    (1203L,'Quantum Computing Compliance','Quantum Technology','Ethan',5,500,now(),now()),
    (1204L,'Quantum Computing Security','Quantum Technology','Mia',4,400,now(),now()),
    (1205L,'Quantum Computing Privacy','Quantum Technology','Lucas',3,300,now(),now()),
    (1206L,'Quantum Computing Ethics','Quantum Technology','Liam',5,500,now(),now()),
    (1207L,'Quantum Computing Governance','Quantum Technology','Emma',4,400,now(),now()),
    (1208L,'Quantum Computing Management','Quantum Technology','Noah',3,300,now(),now()),
    (1209L,'Quantum Computing Operations','Quantum Technology','Olivia',5,500,now(),now()),
    (1210L,'Quantum Computing Maintenance','Quantum Technology','Sophia',4,400,now(),now()),
    (1211L,'Quantum Computing Support','Quantum Technology','Mason',3,300,now(),now()),
    (1212L,'Quantum Computing Services','Quantum Technology','Ava',5,500,now(),now()),
    (1213L,'Quantum Computing Solutions','Quantum Technology','Ethan',4,400,now(),now()),
    (1214L,'Quantum Computing Products','Quantum Technology','Mia',3,300,now(),now()),
    (1215L,'Quantum Computing Systems','Quantum Technology','Lucas',5,500,now(),now()),
    (1216L,'Quantum Computing Networks','Quantum Technology','Liam',4,400,now(),now()),
    (1217L,'Quantum Computing Infrastructure','Quantum Technology','Emma',3,300,now(),now()),
    (1218L,'Quantum Computing Platforms','Quantum Technology','Noah',5,500,now(),now()),
    (1219L,'Quantum Computing Frameworks','Quantum Technology','Olivia',4,400,now(),now()),
    (1220L,'Quantum Computing Libraries','Quantum Technology','Sophia',3,300,now(),now()),
    (1221L,'Quantum Computing Tools','Quantum Technology','Mason',5,500,now(),now());

insert into review(id, rating, description, course_id, created_date_time, last_updated_date_time) values(1001L,'5','awesome course, very good',1001L,now(),now());
insert into review(id, rating, description, course_id, created_date_time, last_updated_date_time) values(1002L,'4','good course, very good',1001L,now(),now());
insert into review(id, rating, description, course_id, created_date_time, last_updated_date_time) values(1003L,'3','average course, very good',1001L,now(),now());
insert into review(id, rating, description, course_id, created_date_time, last_updated_date_time) values(1004L,'5','nice course, very good',1002L,now(),now());
insert into review(id, rating, description, course_id, created_date_time, last_updated_date_time) values(1005L,'4','good course, very good',1002L,now(),now());
insert into review(id, rating, description, course_id, created_date_time, last_updated_date_time) values(1006L,'3','average course, very good',1002L,now(),now());
insert into review(id, rating, description, course_id, created_date_time, last_updated_date_time) values(1007L,'5','awesome course, very good',1003L,now(),now());
insert into review(id, rating, description, course_id, created_date_time, last_updated_date_time) values(1008L,'4','good course, very good',1003L,now(),now());
insert into review(id, rating, description, course_id, created_date_time, last_updated_date_time) values(1009L,'3','ok course, very good',1003L,now(),now());

insert into passport(id, passport_number, created_date_time, last_updated_date_time) values(1001L,'N24343',now(),now());
insert into passport(id, passport_number, created_date_time, last_updated_date_time) values(1002L,'PS8484',now(),now());
insert into passport(id, passport_number, created_date_time, last_updated_date_time) values(1003L,'K85737',now(),now());

insert into student(id, name, passport_id, created_date_time, last_updated_date_time) values(1001L,'Pradeep',1001L,now(),now());
insert into student(id, name, passport_id, created_date_time, last_updated_date_time) values(1002L,'Ravi',1002L,now(),now());
insert into student(id, name, passport_id, created_date_time, last_updated_date_time) values(1003L,'Satish',1003L,now(),now());


